[
  {
    "pack": "oj-c",
    "id": "oj-c.MessageToast",
    "name": "MessageToast",
    "memberof": "oj-c",
    "longname": "oj-c.MessageToast",
    "kind": "class",
    "classdesc": "<h3 id=\"toastOverview-section\">\n  JET Message Toast\n  <a class=\"bookmarkable-link\" title=\"Bookmarkable Link\" href=\"#toastOverview-section\"></a>\n</h3>\n<p>Description:</p>\n<p>Message toasts are short, non-critical, auto-dismissible messages that communicate non-disruptive contextual messages.</p>\n<p>\n  Toast messages are used to:\n  <ul>\n   <li>Communicate messages that are relevant in the moment like the acknowledgement of an action.</li>\n   <li>Allow user to take actions related to an event or process, such as: retry, undo, view.</li>\n  </ul>\n</p>\n\n<h4 id=\"messages-syntax-section\">\n Syntax\n <a class=\"bookmarkable-link\" title=\"Bookmarkable Link\" href=\"#messages-syntax-section\"></a>\n</h4>\nMessage Toast can be created with the following markup.</p>\n\n<pre class=\"prettyprint\"><code>\n&lt;oj-c-message-toast data=\"[[messages]]\">\n&lt;/oj-c-message-toast>\n</code></pre>\n\n<p>The Message Toast component will show messages based on the data provided keeping it as a single\nsource of truth. Applications should register a listener for the ojClose event to be notified\nwhen one performs an action that requires a message to be closed. The application then should use the\nevent payload to identify and remove the corresponding row from the data which would then close the\nmessage.</p>\n\n<pre class=\"prettyprint\"><code>\n&lt;oj-c-message-toast data=\"[[messages]]\" on-oj-close=\"[[handleClose]]\">\n&lt;/oj-c-message-toast>\n</code></pre>\n\n<h3 id=\"a11y-section\">\n  Accessibility\n  <a class=\"bookmarkable-link\" title=\"Bookmarkable Link\" href=\"#a11y-section\"></a>\n</h3>\n\n<p>The <code class=\"prettyprint\">MessageToastItem[\"sound\"]</code> property is an accessibility\nfeature for playing a sound when a message is opened. This property defaults to \"none\", and can\nbe enabled by setting it to \"default\" or by providing a URL to an audio file of a format that the\nbrowser supports. An accessible application must provide a way for users to enable sound on a\nsettings or preferences page. Some browsers will have auto-play disabled by default, enabling\nit may require adjusting the browser settings.</p>\n\n<h3 id=\"keyboard-section\">\n  Keyboard End User Information\n  <a class=\"bookmarkable-link\" title=\"Bookmarkable Link\" href=\"#keyboard-section\"></a>\n</h3>\n\n<table class=\"keyboard-table\">\n  <thead>\n    <tr>\n      <th>Target</th>\n      <th>Key</th>\n      <th>Action</th>\n    </tr>\n  </thead>\n  <tbody>\n    <tr>\n      <td rowspan = \"3\">Focus within Messages</td>\n      <td><kbd>Tab</kbd> or <kbd>Shift + Tab</kbd></td>\n      <td>Navigate the content of the messages region.</td>\n    </tr>\n    <tr>\n      <td><kbd>F6</kbd></td>\n      <td>Cycles the focus through all the messages sections on the page starting from the most recent one.\n          Then finally, moves the focus back to the last focused element outside the messages region.</td>\n    </tr>\n    <tr>\n      <td><kbd>Esc</kbd></td>\n      <td>Moves focus back to the last focused element outside the messages region and closes the current message if it is closable.</td>\n    </tr>\n    <tr>\n      <td><kbd>Enter</kbd> or <kbd>Space</kbd></td>\n      <td>Activates the currently focused element in the message.</td>\n    </tr>\n    <tr>\n      <td rowspan = \"1\">Focus outside Messages</td>\n      <td><kbd>F6</kbd></td>\n      <td>Move focus to the first message within the more recently disclosed messages region.</td>\n    </tr>\n  </tbody>\n</table>",
    "scope": "static",
    "tagWithoutBrackets": "oj-c-message-toast",
    "tagWithBrackets": "<oj-c-message-toast>",
    "domInterface": "CMessageToastElement",
    "ojPageTitle": "&lt;oj-c-message-toast>",
    "ojcomponent": true,
    "isvcomponent": true,
    "camelCaseName": "MessageToast",
    "ojPageTitlePrefix": "Element: ",
    "ojtsvcomponent": true,
    "tstype": {
      "target": "Type",
      "value": "interface CMessageToastElement extends JetElement<MessageToastElementSettableProperties>"
    },
    "ojsignature": [
      {
        "target": "Type",
        "value": "interface CMessageToastElement extends JetElement<MessageToastElementSettableProperties>"
      }
    ],
    "since": "14.0.0",
    "meta": {
      "filename": "message-toast.tsx",
      "path": "/home/jenkins/uitech/workspace/OJET_Code_14.1.2/packages/oraclejet-core-pack/web/components/oj-c/message-toast"
    },
    "ojmodule": "message-toast"
  },
  {
    "memberof": "oj-c.MessageToast",
    "id": "oj-c.MessageToast#data",
    "name": "data",
    "kind": "member",
    "longname": "oj-c.MessageToast#data",
    "optional": false,
    "scope": "instance",
    "description": "<p>Data for the Message Toast component. This data is used for rendering each toast message.\nThis is a required attribute. If an application needs to initialize the component with\nno initial messages, it would need to provide an empty DataProvider. When the application\nwants to show messages, it can then add new data to the existing DataProvider.</p>\n\n<p>When specifying a DataProvider for the data attribute, you need to provide the keyAttributes\nfor the DataProvider. The oj-c-message-toast component expects a single attribute of type\nstring or number as the key of the DataProvider. When the data is updated this key attribute\nwill be used to determine whether a new message is being added or an existing message is being\nupdated. This is required for performing necessary animations. When the application replaces\nthe DataProvider, the component assumes that all the messages are newly added irrespective of their\nkeys and performs animation accordingly.</p>",
    "meta": {
      "filename": "message-toast.tsx",
      "path": "/home/jenkins/uitech/workspace/OJET_Code_14.1.2/packages/oraclejet-core-pack/web/components/oj-c/message-toast"
    },
    "type": {
      "names": [
        "object"
      ]
    },
    "tstype": [
      {
        "target": "Type",
        "value": "DataProvider<Key, Data>",
        "jsdocOverride": true
      }
    ]
  },
  {
    "memberof": "oj-c.MessageToast",
    "id": "oj-c.MessageToast#detailTemplateValue",
    "name": "detailTemplateValue",
    "kind": "member",
    "longname": "oj-c.MessageToast#detailTemplateValue",
    "optional": true,
    "scope": "instance",
    "description": "Applications can use this property to provide the name of a template or a function that\nreturns the name of a template to use for rendering the detail content.\n\nWhen a template name is provided as a value for this property, the corresponding template\nwill be used for rendering the detail content for all the messages. If applications want\nto use a different template for different messages, they can provide a function that\nreturns a template name instead.\n\nThe provided function should accept an ItemContext and return a key to a template for\nrendering the corresponding message's detail content. The value returned from this function\nshould be a key to one of the dynamic template slots provided. If the returned value is not\none of the keys of the provided dynamic template slots, the component will throw an Error.\n\nIf the function returns null or undefined, the component then will perform default rendering\nof the detail content using the detail property of the corresponding message.\n\nIf an application specifies both detail and a valid detail-template-value, the detail-template-value\nwill take precedence and the corresponding template will be used for rendering the detail content.",
    "meta": {
      "filename": "message-toast.tsx",
      "path": "/home/jenkins/uitech/workspace/OJET_Code_14.1.2/packages/oraclejet-core-pack/web/components/oj-c/message-toast"
    },
    "type": {
      "names": [
        "string|function"
      ]
    },
    "tstype": [
      {
        "target": "Type",
        "value": "string|(item: Item<string | number, MessageToastItem>) => string | undefined",
        "jsdocOverride": true
      }
    ]
  },
  {
    "memberof": "oj-c.MessageToast",
    "id": "oj-c.MessageToast#iconTemplateValue",
    "name": "iconTemplateValue",
    "kind": "member",
    "longname": "oj-c.MessageToast#iconTemplateValue",
    "optional": true,
    "scope": "instance",
    "description": "Applications can use this property to provide the name of a template or a function that\nreturns the name of a template to use for rendering the icon content.\n\nWhen a template name is provided as a value for this property, the corresponding template\nwill be used for rendering the icon content for all the messages. If applications want\nto use a different template for different messages, they can provide a function that\nreturns a template name instead.\n\nThe provided function should accept an ItemContext and return a key to a template for\nrendering the corresponding message's icon content. The value returned from this function\nshould be a key to one of the dynamic template slots provided. If the returned value is not\none of the keys of the provided dynamic template slots, the component will throw an Error.\n\nIf the function returns null or undefined, the component then will perform default rendering\nof the icon content using the icon property of the corresponding message.\n\nIf an application specifies both icon and a valid icon-template-value, the icon-template-value\nwill take precedence and the corresponding template will be used for rendering the icon content.",
    "meta": {
      "filename": "message-toast.tsx",
      "path": "/home/jenkins/uitech/workspace/OJET_Code_14.1.2/packages/oraclejet-core-pack/web/components/oj-c/message-toast"
    },
    "type": {
      "names": [
        "string|function"
      ]
    },
    "tstype": [
      {
        "target": "Type",
        "value": "string|(item: Item<string | number, MessageToastItem>) => string | undefined",
        "jsdocOverride": true
      }
    ]
  },
  {
    "memberof": "oj-c.MessageToast",
    "id": "oj-c.MessageToast#offset",
    "name": "offset",
    "kind": "member",
    "longname": "oj-c.MessageToast#offset",
    "optional": true,
    "scope": "instance",
    "description": "Defines an offset (in pixels) in the placement. Value can be supplied as a number or\nan object with horizontal and vertical values.",
    "meta": {
      "filename": "message-toast.tsx",
      "path": "/home/jenkins/uitech/workspace/OJET_Code_14.1.2/packages/oraclejet-core-pack/web/components/oj-c/message-toast"
    },
    "defaultvalue": 0,
    "type": {
      "names": [
        "number|object"
      ]
    },
    "tstype": [
      {
        "target": "Type",
        "value": "number|{ horizontal?: number; vertical?: number; }",
        "jsdocOverride": true
      }
    ]
  },
  {
    "memberof": "oj-c.MessageToast",
    "id": "oj-c.MessageToast#position",
    "name": "position",
    "kind": "member",
    "longname": "oj-c.MessageToast#position",
    "optional": true,
    "scope": "instance",
    "description": "Defines the fixed position where the messages will be positioned on the screen.\n- top-start resolves to top-left in LTR (top-right in RTL)\n- top-end resolves to top-right in LTR (top-left in RTL)\n- bottom-start resolves to bottom-left in LTR (bottom-right in RTL)\n- bottom-end resolves to bottom-right in LTR (bottom-left in RTL)",
    "meta": {
      "filename": "message-toast.tsx",
      "path": "/home/jenkins/uitech/workspace/OJET_Code_14.1.2/packages/oraclejet-core-pack/web/components/oj-c/message-toast"
    },
    "defaultvalue": "\"bottom\"",
    "type": {
      "names": [
        "\"bottom\"",
        "\"top\"",
        "\"top-start\"",
        "\"top-end\"",
        "\"bottom-start\"",
        "\"bottom-end\"",
        "\"top-left\"",
        "\"top-right\"",
        "\"bottom-left\"",
        "\"bottom-right\""
      ]
    }
  },
  {
    "memberof": "oj-c.MessageToast",
    "id": "oj-c.MessageToast#setProperty",
    "name": "setProperty",
    "kind": "function",
    "longname": "oj-c.MessageToast#setProperty",
    "description": "Sets a property or a single subproperty for complex properties and notifies the component of the change, triggering a corresponding event.",
    "meta": {
      "filename": "message-toast.tsx",
      "path": "/home/jenkins/uitech/workspace/OJET_Code_14.1.2/packages/oraclejet-core-pack/web/components/oj-c/message-toast"
    },
    "scope": "instance",
    "params": [
      {
        "name": "property",
        "description": "The property name to set. Supports dot notation for subproperty access.",
        "type": "string"
      },
      {
        "name": "value",
        "description": "The new value to set the property to.",
        "type": "any"
      }
    ],
    "returns": [
      {
        "type": {
          "names": [
            "void"
          ]
        }
      }
    ]
  },
  {
    "memberof": "oj-c.MessageToast",
    "id": "oj-c.MessageToast#getProperty",
    "name": "getProperty",
    "kind": "function",
    "longname": "oj-c.MessageToast#getProperty",
    "description": "Retrieves the value of a property or a subproperty.",
    "meta": {
      "filename": "message-toast.tsx",
      "path": "/home/jenkins/uitech/workspace/OJET_Code_14.1.2/packages/oraclejet-core-pack/web/components/oj-c/message-toast"
    },
    "scope": "instance",
    "params": [
      {
        "name": "property",
        "description": "The property name to get. Supports dot notation for subproperty access.",
        "type": "string"
      }
    ],
    "returns": [
      {
        "type": {
          "names": [
            "any"
          ]
        }
      }
    ]
  },
  {
    "memberof": "oj-c.MessageToast",
    "id": "oj-c.MessageToast#setProperties",
    "name": "setProperties",
    "kind": "function",
    "longname": "oj-c.MessageToast#setProperties",
    "description": "Performs a batch set of properties.",
    "meta": {
      "filename": "message-toast.tsx",
      "path": "/home/jenkins/uitech/workspace/OJET_Code_14.1.2/packages/oraclejet-core-pack/web/components/oj-c/message-toast"
    },
    "scope": "instance",
    "params": [
      {
        "name": "properties",
        "description": "An object containing the property and value pairs to set.",
        "type": "object"
      }
    ],
    "returns": [
      {
        "type": {
          "names": [
            "void"
          ]
        }
      }
    ]
  },
  {
    "memberof": "oj-c.MessageToast",
    "id": "oj-c.MessageToast#event:ojClose",
    "name": "ojClose",
    "kind": "event",
    "longname": "oj-c.MessageToast#event:ojClose",
    "description": "Triggered when a user tries to close a message through UI interaction. The application\nshould listen to this event and remove the corresponding message item from the data\nwhich would then result in the message being closed. If the application\nfails to remove the message item from the data, then no change will be done in the\nUI by the component and the message will stay in the UI opened.",
    "meta": {
      "filename": "message-toast.tsx",
      "path": "/home/jenkins/uitech/workspace/OJET_Code_14.1.2/packages/oraclejet-core-pack/web/components/oj-c/message-toast"
    },
    "scope": "instance",
    "properties": [
      {
        "name": "data",
        "description": "The data that was used to render the message.",
        "type": {
          "names": [
            "any"
          ]
        },
        "tstype": [
          {
            "target": "Type",
            "value": "D",
            "for": "data",
            "jsdocOverride": true
          }
        ]
      },
      {
        "name": "key",
        "description": "The key for the message.",
        "type": {
          "names": [
            "any"
          ]
        },
        "tstype": [
          {
            "target": "Type",
            "value": "K",
            "for": "key",
            "jsdocOverride": true
          }
        ]
      },
      {
        "name": "metadata",
        "description": "The metadata of the message.",
        "type": {
          "names": [
            "Object"
          ]
        }
      }
    ]
  },
  {
    "id": "oj-c.MessageToast.keyboardDoc",
    "name": "keyboardDoc",
    "kind": "member",
    "longname": "oj-c.MessageToast.keyboardDoc",
    "description": "<table class=\"keyboard-table\">\n  <thead>\n    <tr>\n      <th>Target</th>\n      <th>Key</th>\n      <th>Action</th>\n    </tr>\n  </thead>\n  <tbody>\n    <tr>\n      <td rowspan = \"3\">Focus within Messages</td>\n      <td><kbd>Tab</kbd> or <kbd>Shift + Tab</kbd></td>\n      <td>Navigate the content of the messages region.</td>\n    </tr>\n    <tr>\n      <td><kbd>F6</kbd></td>\n      <td>Cycles the focus through all the messages sections on the page starting from the most recent one.\n          Then finally, moves the focus back to the last focused element outside the messages region.</td>\n    </tr>\n    <tr>\n      <td><kbd>Esc</kbd></td>\n      <td>Moves focus back to the last focused element outside the messages region and closes the current message if it is closable.</td>\n    </tr>\n    <tr>\n      <td><kbd>Enter</kbd> or <kbd>Space</kbd></td>\n      <td>Activates the currently focused element in the message.</td>\n    </tr>\n    <tr>\n      <td rowspan = \"1\">Focus outside Messages</td>\n      <td><kbd>F6</kbd></td>\n      <td>Move focus to the first message within the more recently disclosed messages region.</td>\n    </tr>\n  </tbody>\n</table>",
    "memberof": "oj-c.MessageToast",
    "meta": {
      "filename": "message-toast.tsx",
      "path": "/home/jenkins/uitech/workspace/OJET_Code_14.1.2/packages/oraclejet-core-pack/web/components/oj-c/message-toast"
    },
    "ojfragment": true
  }
]